{"cameraMode":{"drawMode":0,"name":"Shaded","section":"Shading Mode"},"sceneLighting":false,"audioPlay":false,"sceneViewState":{"m_AlwaysRefresh":false,"showFog":true,"showSkybox":false,"showFlares":true,"showImageEffects":true,"showParticleSystems":true,"showVisualEffectGraphs":true,"m_FxEnabled":true},"in2DMode":false,"pivot":{"x":-0.320453405380249,"y":3.2699999809265138,"z":2.9000000953674318},"rotation":{"x":-0.015278221108019352,"y":0.06354483217000961,"z":-0.0009741279645822942,"w":-0.9978535771369934},"size":1.1965715885162354,"orthographic":false}